sales_id,sales_date,sales_amount,profit,category
1,7/13/2024,7861.99,1572.398,Beauty
2,9/9/2024,6105.67,1221.134,Home Goods
3,1/28/2025,6415.36,1283.072,Home Goods
4,3/27/2025,7729.78,1545.956,Electronics
5,5/23/2024,4402.42,880.484,Sports
6,3/25/2024,2919.02,583.804,Home Goods
7,6/16/2024,169.12,33.824,Electronics
8,6/18/2024,1106.0,221.2,Sports
9,4/2/2025,4247.69,849.538,Clothing
10,3/8/2024,1835.82,367.164,Home Goods
11,1/4/2024,9629.08,1925.816,Beauty
12,8/3/2024,9524.93,1904.986,Home Goods
13,11/21/2024,2557.02,511.404,Clothing
14,10/2/2024,7968.96,1593.792,Electronics
15,3/26/2024,7360.26,1472.052,Home Goods
16,6/13/2024,7201.89,1440.378,Beauty
17,9/4/2024,7715.36,1543.072,Clothing
18,9/29/2024,3317.67,663.534,Clothing
19,4/3/2025,9401.88,1880.376,Electronics
20,4/19/2024,9756.75,1951.35,Beauty
21,12/31/2024,4777.03,955.406,Home Goods
22,4/15/2024,6977.19,1395.438,Sports
23,8/19/2024,6936.93,1387.386,Beauty
24,12/12/2024,6296.48,1259.296,Electronics
25,10/1/2024,1428.97,285.794,Home Goods
26,9/17/2024,7239.61,1447.922,Sports
27,8/14/2024,7035.85,1407.17,Beauty
28,10/31/2024,8322.66,1664.532,Electronics
29,3/24/2025,2580.13,516.026,Sports
30,1/31/2025,1914.34,382.868,Electronics
31,6/29/2024,9702.21,1940.442,Beauty
32,7/14/2024,2436.2,487.24,Beauty
33,2/19/2024,8143.9,1628.78,Home Goods
34,2/22/2025,8554.69,1710.938,Home Goods
35,2/23/2025,8617.6,1723.52,Home Goods
36,12/4/2024,7023.83,1404.766,Beauty
37,3/30/2024,9960.55,1992.11,Sports
38,11/26/2024,73.36,14.672,Electronics
39,9/26/2024,806.29,161.258,Clothing
40,3/11/2024,1826.97,365.394,Clothing
41,1/1/2025,2146.31,429.262,Beauty
42,1/21/2025,9770.46,1954.092,Home Goods
43,8/31/2024,4003.14,800.628,Clothing
44,7/23/2024,5827.47,1165.494,Beauty
45,10/13/2024,4091.71,818.342,Home Goods
46,1/20/2024,7091.81,1418.362,Beauty
47,1/27/2025,3133.84,626.768,Sports
48,7/11/2024,5866.83,1173.366,Home Goods
49,10/7/2024,8179.32,1635.864,Home Goods
50,12/10/2024,9661.15,1932.23,Home Goods
51,11/17/2024,2594.73,518.946,Home Goods
52,8/15/2024,9896.31,1979.262,Home Goods
53,3/2/2025,5467.97,1093.594,Beauty
54,10/11/2024,9955.89,1991.178,Electronics
55,7/19/2024,2781.34,556.268,Sports
56,2/28/2024,80.36,16.072,Beauty
57,4/17/2024,555.78,111.156,Home Goods
58,1/21/2024,8449.65,1689.93,Home Goods
59,6/8/2024,8003.82,1600.764,Clothing
60,2/9/2025,2377.22,475.444,Home Goods
61,3/28/2025,564.97,112.994,Electronics
62,5/29/2024,4733.99,946.798,Electronics
63,8/25/2024,9771.81,1954.362,Sports
64,7/12/2024,7391.77,1478.354,Electronics
65,2/18/2025,8124.7,1624.94,Sports
66,1/19/2025,6518.53,1303.706,Home Goods
67,5/14/2024,2946.16,589.232,Home Goods
68,2/10/2024,5018.05,1003.61,Home Goods
69,1/6/2025,8865.33,1773.066,Beauty
70,9/23/2024,494.45,98.89,Sports
71,2/23/2025,8235.47,1647.094,Beauty
72,1/7/2024,9845.88,1969.176,Home Goods
73,3/19/2024,5869.42,1173.884,Home Goods
74,5/13/2024,7366.65,1473.33,Sports
75,11/24/2024,165.91,33.182,Electronics
76,2/29/2024,8247.79,1649.558,Beauty
77,6/25/2024,120.68,24.136,Clothing
78,1/3/2025,6649.61,1329.922,Home Goods
79,7/24/2024,8675.07,1735.014,Beauty
80,11/5/2024,8257.34,1651.468,Sports
81,3/3/2025,4977.8,995.56,Home Goods
82,8/8/2024,9948.38,1989.676,Clothing
83,6/6/2024,7392.37,1478.474,Sports
84,3/2/2025,3348.95,669.79,Clothing
85,4/7/2024,8718.56,1743.712,Home Goods
86,8/20/2024,1302.29,260.458,Beauty
87,7/2/2024,1250.62,250.124,Sports
88,2/5/2024,9727.05,1945.41,Clothing
89,2/15/2024,8681.27,1736.254,Beauty
90,1/6/2024,7495.86,1499.172,Clothing
91,8/22/2024,4714.86,942.972,Clothing
92,10/6/2024,9101.15,1820.23,Home Goods
93,5/4/2024,5423.39,1084.678,Clothing
94,5/3/2024,9824.51,1964.902,Electronics
95,6/7/2024,3528.59,705.718,Beauty
96,4/24/2024,9368.1,1873.62,Clothing
97,3/28/2024,2823.93,564.786,Sports
98,1/23/2024,3494.45,698.89,Clothing
99,7/18/2024,145.6,29.12,Beauty
100,3/15/2025,3224.59,644.918,Sports
101,1/9/2024,1126.5,225.3,Electronics
102,3/19/2025,9408.25,1881.65,Clothing
103,3/21/2025,4774.44,954.888,Home Goods
104,8/15/2024,6544.37,1308.874,Clothing
105,12/2/2024,9350.87,1870.174,Electronics
106,9/25/2024,7757.13,1551.426,Beauty
107,12/8/2024,4812.43,962.486,Beauty
108,10/31/2024,8956.91,1791.382,Beauty
109,3/9/2025,2506.03,501.206,Beauty
110,8/23/2024,3884.55,776.91,Clothing
111,7/14/2024,8600.02,1720.004,Clothing
112,1/1/2025,2051.77,410.354,Clothing
113,10/20/2024,3238.27,647.654,Electronics
114,6/14/2024,9508.85,1901.77,Electronics
115,12/28/2024,6179.43,1235.886,Beauty
116,2/19/2024,3655.09,731.018,Beauty
117,6/5/2024,2154.66,430.932,Sports
118,8/19/2024,2077.16,415.432,Beauty
119,11/26/2024,1019.98,203.996,Clothing
120,10/19/2024,8232.1,1646.42,Home Goods
121,12/13/2024,5343.27,1068.654,Electronics
122,4/11/2024,80.05,16.01,Clothing
123,9/14/2024,2753.45,550.69,Clothing
124,7/20/2024,1179.02,235.804,Sports
125,3/18/2024,8121.49,1624.298,Electronics
126,12/25/2024,3904.6,780.92,Sports
127,3/4/2025,3561.54,712.308,Clothing
128,6/5/2024,6277.92,1255.584,Home Goods
129,5/10/2024,1131.71,226.342,Home Goods
130,9/9/2024,4309.26,861.852,Electronics
131,5/29/2024,350.16,70.032,Beauty
132,6/16/2024,1003.54,200.708,Home Goods
133,3/7/2024,6269.48,1253.896,Home Goods
134,8/26/2024,3377.26,675.452,Sports
135,4/14/2024,7202.32,1440.464,Beauty
136,7/3/2024,5477.02,1095.404,Sports
137,8/2/2024,5145.68,1029.136,Sports
138,11/28/2024,2730.42,546.084,Home Goods
139,8/11/2024,4177.99,835.598,Sports
140,7/25/2024,6449.74,1289.948,Electronics
141,2/22/2024,9369.2,1873.84,Home Goods
142,3/13/2025,7043.96,1408.792,Sports
143,12/4/2024,1444.02,288.804,Home Goods
144,8/17/2024,9840.47,1968.094,Home Goods
145,8/25/2024,6667.64,1333.528,Beauty
146,3/25/2024,4608.03,921.606,Home Goods
147,5/22/2024,5595.0,1119.0,Sports
148,1/27/2024,8033.65,1606.73,Home Goods
149,6/26/2024,377.95,75.59,Beauty
150,10/9/2024,7460.64,1492.128,Sports
151,5/10/2024,8205.2,1641.04,Sports
152,2/4/2025,4478.15,895.63,Sports
153,5/21/2024,3552.65,710.53,Sports
154,1/11/2025,9733.31,1946.662,Beauty
155,12/31/2024,7236.95,1447.39,Sports
156,12/31/2024,7930.91,1586.182,Sports
157,1/9/2025,2210.07,442.014,Clothing
158,6/16/2024,4857.62,971.524,Beauty
159,10/1/2024,592.81,118.562,Clothing
160,9/6/2024,5270.07,1054.014,Home Goods
161,8/23/2024,6624.75,1324.95,Beauty
162,2/19/2025,5737.66,1147.532,Sports
163,4/12/2024,4512.1,902.42,Beauty
164,1/1/2024,8112.02,1622.404,Home Goods
165,10/14/2024,149.58,29.916,Sports
166,2/7/2024,7778.23,1555.646,Sports
167,7/19/2024,464.86,92.972,Clothing
168,11/10/2024,1540.39,308.078,Sports
169,3/22/2024,9253.11,1850.622,Beauty
170,5/9/2024,9553.94,1910.788,Home Goods
171,1/14/2024,2027.23,405.446,Clothing
172,9/15/2024,1053.02,210.604,Home Goods
173,12/17/2024,566.34,113.268,Beauty
174,1/1/2025,6469.15,1293.83,Beauty
175,6/20/2024,4949.78,989.956,Beauty
176,1/21/2024,2661.88,532.376,Beauty
177,9/29/2024,8056.38,1611.276,Electronics
178,2/21/2025,1410.4,282.08,Beauty
179,8/6/2024,7103.33,1420.666,Home Goods
180,1/25/2024,2336.13,467.226,Electronics
181,5/7/2024,6646.33,1329.266,Sports
182,3/1/2025,4325.21,865.042,Electronics
183,12/22/2024,4556.13,911.226,Electronics
184,1/22/2025,1469.69,293.938,Electronics
185,9/23/2024,987.13,197.426,Beauty
186,12/13/2024,1688.03,337.606,Electronics
187,2/7/2024,9919.1,1983.82,Electronics
188,1/30/2025,2875.62,575.124,Clothing
189,8/8/2024,6724.86,1344.972,Home Goods
190,2/7/2025,8492.95,1698.59,Beauty
191,1/8/2024,6935.87,1387.174,Beauty
192,3/7/2024,2142.94,428.588,Clothing
193,1/30/2024,2627.93,525.586,Beauty
194,5/7/2024,7226.95,1445.39,Clothing
195,9/16/2024,2356.1,471.22,Clothing
196,11/25/2024,8225.66,1645.132,Electronics
197,3/17/2024,5390.32,1078.064,Sports
198,2/11/2025,4511.9,902.38,Clothing
199,2/6/2025,6819.02,1363.804,Beauty
200,4/10/2024,5844.46,1168.892,Electronics
201,12/15/2024,6090.63,1218.126,Home Goods
202,1/11/2024,7034.72,1406.944,Clothing
203,12/22/2024,5791.89,1158.378,Home Goods
204,2/11/2024,2946.79,589.358,Electronics
205,2/7/2024,7216.26,1443.252,Electronics
206,2/7/2025,983.84,196.768,Sports
207,7/12/2024,3712.28,742.456,Electronics
208,7/21/2024,1235.31,247.062,Beauty
209,3/3/2025,3462.43,692.486,Clothing
210,1/29/2025,7174.51,1434.902,Sports
211,9/13/2024,265.41,53.082,Home Goods
212,1/24/2024,8201.92,1640.384,Sports
213,8/18/2024,3419.49,683.898,Clothing
214,3/2/2025,3325.71,665.142,Beauty
215,10/10/2024,3697.92,739.584,Clothing
216,12/15/2024,3516.96,703.392,Home Goods
217,12/21/2024,6234.73,1246.946,Home Goods
218,3/31/2024,33.68,6.736,Beauty
219,5/3/2024,8099.9,1619.98,Clothing
220,4/6/2024,8535.88,1707.176,Home Goods
221,8/18/2024,6889.89,1377.978,Electronics
222,3/4/2025,8579.79,1715.958,Clothing
223,9/20/2024,5783.51,1156.702,Beauty
224,5/26/2024,7725.42,1545.084,Clothing
225,12/17/2024,9770.44,1954.088,Home Goods
226,10/2/2024,7914.81,1582.962,Sports
227,6/15/2024,3872.63,774.526,Electronics
228,3/18/2024,9793.46,1958.692,Electronics
229,7/17/2024,3624.46,724.892,Home Goods
230,12/27/2024,8661.66,1732.332,Beauty
231,4/30/2024,5041.57,1008.314,Home Goods
232,1/26/2025,1679.33,335.866,Electronics
233,11/4/2024,4024.49,804.898,Electronics
234,9/22/2024,903.13,180.626,Beauty
235,7/21/2024,2110.87,422.174,Sports
236,3/17/2025,6225.77,1245.154,Electronics
237,1/31/2025,9333.83,1866.766,Sports
238,12/12/2024,9675.88,1935.176,Home Goods
239,5/8/2024,2451.59,490.318,Home Goods
240,12/11/2024,9534.98,1906.996,Sports
241,2/16/2025,8318.54,1663.708,Beauty
242,3/24/2025,6475.21,1295.042,Clothing
243,1/25/2025,2349.01,469.802,Sports
244,10/25/2024,5339.99,1067.998,Sports
245,8/10/2024,4376.92,875.384,Clothing
246,1/12/2024,2753.4,550.68,Electronics
247,7/30/2024,3554.77,710.954,Sports
248,8/3/2024,5778.12,1155.624,Electronics
249,3/21/2025,4576.47,915.294,Electronics
250,10/2/2024,1287.84,257.568,Clothing
251,3/5/2024,2725.25,545.05,Clothing
252,1/10/2024,254.78,50.956,Home Goods
253,1/18/2025,6272.68,1254.536,Home Goods
254,8/9/2024,6856.24,1371.248,Electronics
255,2/5/2024,557.5,111.5,Electronics
256,5/12/2024,8045.76,1609.152,Sports
257,5/22/2024,8826.11,1765.222,Beauty
258,2/22/2025,9313.68,1862.736,Sports
259,4/4/2024,9710.37,1942.074,Clothing
260,1/29/2024,4579.17,915.834,Clothing
261,1/17/2025,6398.46,1279.692,Home Goods
262,5/29/2024,5164.85,1032.97,Electronics
263,3/3/2025,1034.85,206.97,Clothing
264,9/13/2024,8734.47,1746.894,Sports
265,5/6/2024,9822.83,1964.566,Electronics
266,7/16/2024,5914.46,1182.892,Electronics
267,3/12/2024,1518.42,303.684,Electronics
268,1/3/2025,3712.39,742.478,Beauty
269,2/17/2025,3718.69,743.738,Sports
270,9/1/2024,7454.36,1490.872,Clothing
271,12/30/2024,7749.01,1549.802,Home Goods
272,10/25/2024,4318.0,863.6,Sports
273,6/29/2024,9727.66,1945.532,Beauty
274,8/24/2024,6939.15,1387.83,Sports
275,9/29/2024,6592.28,1318.456,Beauty
276,11/27/2024,3554.58,710.916,Clothing
277,7/9/2024,4375.8,875.16,Clothing
278,9/2/2024,8088.6,1617.72,Beauty
279,9/29/2024,5009.27,1001.854,Beauty
280,3/17/2024,7704.39,1540.878,Electronics
281,4/21/2024,2106.41,421.282,Electronics
282,1/29/2025,1459.47,291.894,Home Goods
283,4/26/2024,5507.13,1101.426,Electronics
284,8/4/2024,6195.79,1239.158,Beauty
285,1/25/2025,2538.43,507.686,Sports
286,4/7/2024,1865.69,373.138,Electronics
287,12/3/2024,5685.06,1137.012,Beauty
288,1/2/2024,7976.1,1595.22,Sports
289,1/4/2025,6437.32,1287.464,Beauty
290,3/24/2024,4047.86,809.572,Electronics
291,2/17/2025,6643.1,1328.62,Home Goods
292,11/13/2024,9150.79,1830.158,Electronics
293,1/22/2025,2955.91,591.182,Beauty
294,6/15/2024,4748.32,949.664,Sports
295,1/28/2025,1651.91,330.382,Sports
296,1/31/2024,1011.18,202.236,Clothing
297,9/12/2024,9648.24,1929.648,Beauty
298,10/23/2024,2425.98,485.196,Electronics
299,11/1/2024,5616.68,1123.336,Sports
300,11/27/2024,3977.95,795.59,Clothing
301,9/16/2024,2432.45,486.49,Sports
302,6/5/2024,188.51,37.702,Electronics
303,6/21/2024,638.77,127.754,Beauty
304,12/24/2024,1278.74,255.748,Sports
305,5/1/2024,4483.72,896.744,Electronics
306,12/12/2024,3031.13,606.226,Clothing
307,1/5/2025,2646.24,529.248,Sports
308,1/28/2024,4088.87,817.774,Home Goods
309,1/4/2025,1275.33,255.066,Beauty
310,7/14/2024,3870.32,774.064,Home Goods
311,2/23/2024,6206.11,1241.222,Sports
312,3/20/2024,8381.94,1676.388,Home Goods
313,3/1/2024,5589.65,1117.93,Electronics
314,3/22/2024,1386.41,277.282,Electronics
315,8/24/2024,3230.76,646.152,Sports
316,11/2/2024,4400.78,880.156,Home Goods
317,6/29/2024,9107.82,1821.564,Sports
318,10/20/2024,141.11,28.222,Beauty
319,10/14/2024,8834.05,1766.81,Beauty
320,10/12/2024,808.65,161.73,Clothing
321,3/13/2024,8700.6,1740.12,Beauty
322,8/15/2024,1907.15,381.43,Beauty
323,6/14/2024,3528.95,705.79,Beauty
324,5/26/2024,9381.34,1876.268,Home Goods
325,6/10/2024,9392.01,1878.402,Beauty
326,5/4/2024,8732.19,1746.438,Beauty
327,3/20/2024,730.33,146.066,Sports
328,6/11/2024,5207.42,1041.484,Clothing
329,7/26/2024,4302.57,860.514,Beauty
330,3/20/2024,1612.9,322.58,Clothing
331,1/5/2025,6052.94,1210.588,Electronics
332,2/3/2025,4363.27,872.654,Home Goods
333,11/28/2024,28.11,5.622,Beauty
334,6/30/2024,5810.19,1162.038,Home Goods
335,7/17/2024,7070.01,1414.002,Beauty
336,3/25/2024,577.22,115.444,Beauty
337,7/31/2024,1686.94,337.388,Electronics
338,3/20/2024,3705.73,741.146,Clothing
339,8/19/2024,1081.84,216.368,Sports
340,2/13/2025,6985.51,1397.102,Beauty
341,11/6/2024,2386.57,477.314,Home Goods
342,3/4/2024,7504.47,1500.894,Clothing
343,1/30/2024,195.66,39.132,Clothing
344,2/21/2024,6084.33,1216.866,Clothing
345,9/22/2024,4622.12,924.424,Sports
346,8/12/2024,8645.09,1729.018,Sports
347,4/29/2024,257.87,51.574,Home Goods
348,1/6/2024,1790.86,358.172,Electronics
349,1/24/2025,2402.8,480.56,Sports
350,8/30/2024,9784.1,1956.82,Clothing
351,7/20/2024,6535.29,1307.058,Clothing
352,7/12/2024,2698.67,539.734,Home Goods
353,3/15/2025,7061.59,1412.318,Clothing
354,10/27/2024,9390.37,1878.074,Beauty
355,5/8/2024,957.02,191.404,Beauty
356,9/3/2024,1756.0,351.2,Beauty
357,6/17/2024,8371.01,1674.202,Electronics
358,1/19/2024,863.53,172.706,Sports
359,7/10/2024,1619.66,323.932,Home Goods
360,10/27/2024,411.88,82.376,Clothing
361,3/18/2024,4689.02,937.804,Sports
362,11/6/2024,4716.12,943.224,Clothing
363,2/19/2025,1324.69,264.938,Electronics
364,6/1/2024,8850.02,1770.004,Home Goods
365,10/24/2024,6317.22,1263.444,Clothing
366,1/5/2025,6609.77,1321.954,Clothing
367,3/13/2024,5999.64,1199.928,Sports
368,3/25/2024,9733.85,1946.77,Beauty
369,3/21/2025,5720.45,1144.09,Electronics
370,1/4/2025,9546.4,1909.28,Clothing
371,10/26/2024,2784.03,556.806,Clothing
372,8/2/2024,3843.61,768.722,Sports
373,7/2/2024,5827.88,1165.576,Home Goods
374,3/9/2025,5544.37,1108.874,Sports
375,2/6/2025,6272.28,1254.456,Clothing
376,3/20/2025,8039.4,1607.88,Electronics
377,8/14/2024,2279.93,455.986,Clothing
378,12/31/2024,6291.0,1258.2,Clothing
379,8/8/2024,7722.76,1544.552,Clothing
380,5/13/2024,9328.93,1865.786,Clothing
381,3/14/2024,727.71,145.542,Beauty
382,1/12/2025,7603.03,1520.606,Clothing
383,2/5/2025,913.3,182.66,Home Goods
384,5/27/2024,3690.12,738.024,Electronics
385,3/27/2025,9270.11,1854.022,Sports
386,7/9/2024,5221.93,1044.386,Beauty
387,9/25/2024,8224.94,1644.988,Home Goods
388,3/17/2024,6429.81,1285.962,Sports
389,6/25/2024,9618.75,1923.75,Electronics
390,2/21/2025,9919.64,1983.928,Home Goods
391,10/2/2024,1342.46,268.492,Clothing
392,3/25/2025,8240.19,1648.038,Clothing
393,11/12/2024,325.2,65.04,Home Goods
394,5/12/2024,4940.11,988.022,Electronics
395,9/4/2024,1384.82,276.964,Sports
396,11/3/2024,1016.29,203.258,Clothing
397,2/13/2024,7928.23,1585.646,Electronics
398,3/7/2024,2391.29,478.258,Sports
399,5/8/2024,6850.12,1370.024,Clothing
400,12/18/2024,8986.65,1797.33,Beauty
401,5/17/2024,8755.4,1751.08,Sports
402,2/20/2025,771.0,154.2,Sports
403,4/1/2024,895.26,179.052,Home Goods
404,10/11/2024,6356.01,1271.202,Sports
405,1/18/2025,7893.99,1578.798,Home Goods
406,3/30/2025,8740.14,1748.028,Clothing
407,4/30/2024,4666.36,933.272,Electronics
408,1/12/2025,1599.66,319.932,Sports
409,4/22/2024,7229.46,1445.892,Electronics
410,10/20/2024,9139.7,1827.94,Sports
411,4/12/2024,8065.82,1613.164,Home Goods
412,4/8/2024,9656.72,1931.344,Clothing
413,2/18/2024,4174.47,834.894,Clothing
414,12/1/2024,935.72,187.144,Electronics
415,1/26/2025,7.14,1.428,Home Goods
416,7/14/2024,5250.15,1050.03,Home Goods
417,5/8/2024,862.09,172.418,Electronics
418,6/4/2024,3985.89,797.178,Beauty
419,2/2/2025,819.24,163.848,Beauty
420,11/2/2024,1025.72,205.144,Sports
421,11/13/2024,6220.27,1244.054,Sports
422,3/24/2025,6329.44,1265.888,Electronics
423,1/26/2025,8999.55,1799.91,Sports
424,1/19/2025,1329.65,265.93,Electronics
425,10/28/2024,1240.15,248.03,Beauty
426,10/5/2024,5686.67,1137.334,Sports
427,9/6/2024,6007.84,1201.568,Home Goods
428,5/3/2024,5415.39,1083.078,Clothing
429,2/6/2024,1265.29,253.058,Home Goods
430,1/16/2025,8439.41,1687.882,Beauty
431,6/9/2024,2800.25,560.05,Home Goods
432,12/16/2024,5992.23,1198.446,Sports
433,3/21/2025,565.97,113.194,Home Goods
434,6/6/2024,414.07,82.814,Home Goods
435,8/28/2024,8414.59,1682.918,Beauty
436,7/6/2024,555.84,111.168,Beauty
437,2/27/2024,8632.55,1726.51,Sports
438,1/3/2025,4278.7,855.74,Clothing
439,3/9/2024,9720.28,1944.056,Clothing
440,1/15/2024,535.58,107.116,Home Goods
441,8/30/2024,540.04,108.008,Sports
442,6/29/2024,8162.12,1632.424,Clothing
443,1/13/2025,824.48,164.896,Sports
444,5/7/2024,7622.45,1524.49,Home Goods
445,6/19/2024,5047.11,1009.422,Electronics
446,7/27/2024,2334.88,466.976,Home Goods
447,5/23/2024,1006.39,201.278,Electronics
448,1/4/2024,3512.06,702.412,Sports
449,5/3/2024,5829.13,1165.826,Sports
450,9/23/2024,4138.82,827.764,Home Goods
451,2/7/2024,3964.85,792.97,Clothing
452,1/17/2025,5562.41,1112.482,Beauty
453,7/16/2024,7723.27,1544.654,Sports
454,4/29/2024,5715.13,1143.026,Beauty
455,3/1/2024,9261.41,1852.282,Sports
456,2/29/2024,4908.35,981.67,Electronics
457,6/29/2024,1904.79,380.958,Beauty
458,2/7/2025,8132.1,1626.42,Beauty
459,8/24/2024,7708.5,1541.7,Clothing
460,1/28/2025,7514.87,1502.974,Sports
461,2/24/2024,4986.17,997.234,Electronics
462,9/14/2024,1802.74,360.548,Clothing
463,11/4/2024,1500.88,300.176,Sports
464,12/4/2024,7144.85,1428.97,Sports
465,2/3/2024,1664.23,332.846,Sports
466,8/2/2024,1832.9,366.58,Home Goods
467,11/4/2024,65.08,13.016,Sports
468,7/19/2024,8557.26,1711.452,Clothing
469,11/8/2024,8288.15,1657.63,Beauty
470,8/11/2024,1404.18,280.836,Electronics
471,1/11/2024,5449.71,1089.942,Electronics
472,5/22/2024,6609.49,1321.898,Beauty
473,3/6/2024,1109.0,221.8,Beauty
474,10/5/2024,9196.3,1839.26,Sports
475,8/14/2024,1685.18,337.036,Electronics
476,11/17/2024,8578.31,1715.662,Clothing
477,2/23/2024,957.96,191.592,Clothing
478,12/6/2024,1671.95,334.39,Beauty
479,10/20/2024,6784.33,1356.866,Home Goods
480,9/27/2024,7507.31,1501.462,Beauty
481,6/22/2024,7928.36,1585.672,Beauty
482,3/23/2025,3136.09,627.218,Beauty
483,5/6/2024,4344.32,868.864,Beauty
484,8/7/2024,5697.01,1139.402,Sports
485,6/13/2024,2780.45,556.09,Beauty
486,4/20/2024,8136.14,1627.228,Beauty
487,2/7/2024,8833.31,1766.662,Beauty
488,1/28/2024,5004.65,1000.93,Sports
489,12/18/2024,5382.93,1076.586,Sports
490,2/27/2024,9205.61,1841.122,Home Goods
491,2/24/2025,8210.83,1642.166,Beauty
492,11/21/2024,2111.32,422.264,Sports
493,1/20/2025,8528.48,1705.696,Beauty
494,3/12/2025,5026.03,1005.206,Clothing
495,7/26/2024,6296.29,1259.258,Electronics
496,12/10/2024,377.94,75.588,Sports
497,7/23/2024,1940.2,388.04,Clothing
498,6/4/2024,1371.25,274.25,Sports
499,8/17/2024,2124.44,424.888,Clothing
500,2/15/2025,8921.83,1784.366,Electronics
501,9/10/2024,5701.59,1140.318,Electronics
502,1/29/2024,3606.76,721.352,Home Goods
503,2/19/2025,8142.29,1628.458,Clothing
504,9/14/2024,1146.91,229.382,Clothing
505,10/25/2024,8305.02,1661.004,Beauty
506,7/26/2024,9582.11,1916.422,Electronics
507,10/29/2024,972.45,194.49,Home Goods
508,1/8/2025,1679.43,335.886,Beauty
509,9/21/2024,8587.51,1717.502,Electronics
510,6/7/2024,9478.93,1895.786,Home Goods
511,1/30/2025,3889.36,777.872,Home Goods
512,2/22/2025,9696.37,1939.274,Electronics
513,4/30/2024,701.26,140.252,Clothing
514,10/18/2024,1925.83,385.166,Electronics
515,1/11/2025,1650.64,330.128,Beauty
516,5/9/2024,7406.58,1481.316,Beauty
517,3/10/2024,3251.94,650.388,Sports
518,1/2/2025,6405.97,1281.194,Home Goods
519,2/7/2025,3317.85,663.57,Electronics
520,5/26/2024,9819.82,1963.964,Clothing
521,1/19/2024,2984.16,596.832,Clothing
522,1/18/2024,7070.44,1414.088,Clothing
523,5/4/2024,7116.82,1423.364,Home Goods
524,12/22/2024,1760.86,352.172,Clothing
525,3/3/2025,8826.79,1765.358,Electronics
526,3/31/2025,1448.8,289.76,Beauty
527,6/1/2024,4642.62,928.524,Sports
528,10/20/2024,6682.99,1336.598,Electronics
529,11/10/2024,6410.01,1282.002,Sports
530,5/18/2024,5777.31,1155.462,Home Goods
531,12/2/2024,9704.55,1940.91,Home Goods
532,7/19/2024,167.08,33.416,Clothing
533,9/30/2024,6901.1,1380.22,Home Goods
534,1/1/2025,1928.66,385.732,Clothing
535,8/13/2024,1952.4,390.48,Clothing
536,6/12/2024,3543.58,708.716,Sports
537,6/1/2024,1317.1,263.42,Sports
538,3/22/2025,9928.78,1985.756,Home Goods
539,1/4/2025,7536.77,1507.354,Home Goods
540,11/5/2024,470.02,94.004,Clothing
541,2/5/2024,1083.88,216.776,Home Goods
542,7/16/2024,3982.66,796.532,Electronics
543,6/27/2024,9181.18,1836.236,Beauty
544,1/1/2024,8387.19,1677.438,Beauty
545,1/15/2025,1499.48,299.896,Beauty
546,12/6/2024,750.94,150.188,Beauty
547,8/15/2024,6568.51,1313.702,Beauty
548,2/11/2025,7846.72,1569.344,Home Goods
549,6/7/2024,7566.55,1513.31,Clothing
550,8/22/2024,8317.39,1663.478,Electronics
551,1/20/2024,802.17,160.434,Clothing
552,12/5/2024,882.17,176.434,Electronics
553,9/21/2024,2965.24,593.048,Electronics
554,1/1/2025,7687.88,1537.576,Beauty
555,12/28/2024,52.92,10.584,Sports
556,8/13/2024,165.33,33.066,Sports
557,6/25/2024,446.25,89.25,Electronics
558,5/15/2024,4591.61,918.322,Home Goods
559,1/31/2025,1090.55,218.11,Home Goods
560,7/9/2024,3426.88,685.376,Electronics
561,3/26/2024,8292.47,1658.494,Electronics
562,3/31/2025,8511.57,1702.314,Electronics
563,11/3/2024,8088.4,1617.68,Electronics
564,11/20/2024,7160.5,1432.1,Home Goods
565,2/7/2024,3545.94,709.188,Beauty
566,4/3/2024,1415.95,283.19,Home Goods
567,8/16/2024,514.74,102.948,Electronics
568,4/7/2024,111.38,22.276,Home Goods
569,4/3/2025,6550.6,1310.12,Beauty
570,3/7/2024,6270.94,1254.188,Sports
571,4/25/2024,3831.22,766.244,Electronics
572,11/3/2024,6108.2,1221.64,Electronics
573,2/21/2025,7663.96,1532.792,Home Goods
574,1/10/2025,6659.91,1331.982,Electronics
575,1/24/2025,2931.17,586.234,Electronics
576,10/7/2024,2399.45,479.89,Home Goods
577,4/13/2024,1542.62,308.524,Home Goods
578,11/25/2024,1846.59,369.318,Clothing
579,12/16/2024,9736.66,1947.332,Electronics
580,11/10/2024,9898.73,1979.746,Beauty
581,12/25/2024,8761.43,1752.286,Beauty
582,12/24/2024,1455.63,291.126,Beauty
583,3/24/2025,7821.09,1564.218,Sports
584,6/15/2024,7926.83,1585.366,Clothing
585,4/1/2024,3182.77,636.554,Clothing
586,8/8/2024,9797.44,1959.488,Clothing
587,3/17/2024,9959.99,1991.998,Electronics
588,6/7/2024,323.55,64.71,Clothing
589,2/25/2025,2047.59,409.518,Clothing
590,11/10/2024,9311.77,1862.354,Clothing
591,6/12/2024,1665.66,333.132,Beauty
592,7/3/2024,8970.31,1794.062,Clothing
593,1/27/2025,3088.53,617.706,Home Goods
594,7/8/2024,3475.82,695.164,Sports
595,3/30/2025,666.26,133.252,Beauty
596,8/29/2024,722.52,144.504,Home Goods
597,1/1/2025,2142.26,428.452,Clothing
598,7/31/2024,1293.98,258.796,Home Goods
599,10/25/2024,6058.06,1211.612,Home Goods
600,2/11/2024,2824.51,564.902,Clothing
601,2/24/2025,3065.52,613.104,Home Goods
602,1/5/2024,3590.92,718.184,Beauty
603,6/27/2024,5591.92,1118.384,Home Goods
604,5/13/2024,9644.75,1928.95,Home Goods
605,2/20/2025,8291.36,1658.272,Electronics
606,7/27/2024,8068.05,1613.61,Beauty
607,5/21/2024,6070.7,1214.14,Beauty
608,12/24/2024,9639.84,1927.968,Home Goods
609,12/27/2024,945.39,189.078,Clothing
610,11/1/2024,6389.55,1277.91,Sports
611,1/6/2024,6039.15,1207.83,Clothing
612,4/2/2024,7967.37,1593.474,Home Goods
613,3/13/2024,5053.05,1010.61,Beauty
614,8/29/2024,7795.17,1559.034,Home Goods
615,10/9/2024,4326.4,865.28,Beauty
616,5/2/2024,4332.78,866.556,Beauty
617,6/20/2024,7609.57,1521.914,Beauty
618,11/6/2024,6189.6,1237.92,Beauty
619,4/12/2024,1525.16,305.032,Clothing
620,2/17/2024,2089.62,417.924,Sports
621,8/16/2024,2436.91,487.382,Beauty
622,9/19/2024,4320.52,864.104,Home Goods
623,2/15/2024,1610.75,322.15,Sports
624,4/23/2024,4042.71,808.542,Beauty
625,7/9/2024,3527.36,705.472,Electronics
626,1/1/2024,97.07,19.414,Beauty
627,4/10/2024,3860.95,772.19,Electronics
628,8/3/2024,8078.04,1615.608,Clothing
629,1/25/2024,9285.96,1857.192,Home Goods
630,9/17/2024,766.36,153.272,Beauty
631,6/30/2024,1674.44,334.888,Clothing
632,8/20/2024,48.6,9.72,Sports
633,1/20/2024,4611.1,922.22,Beauty
634,2/10/2025,4261.65,852.33,Beauty
635,3/3/2025,8425.73,1685.146,Electronics
636,4/3/2024,2169.01,433.802,Electronics
637,2/14/2024,6176.87,1235.374,Clothing
638,6/10/2024,3604.3,720.86,Sports
639,7/17/2024,3611.03,722.206,Sports
640,5/27/2024,3337.3,667.46,Clothing
641,3/5/2025,9100.43,1820.086,Clothing
642,1/26/2024,2479.64,495.928,Sports
643,2/7/2024,7088.1,1417.62,Clothing
644,5/1/2024,8689.05,1737.81,Sports
645,3/9/2025,9509.66,1901.932,Clothing
646,3/14/2024,9443.84,1888.768,Sports
647,9/15/2024,7933.98,1586.796,Clothing
648,8/28/2024,75.9,15.18,Sports
649,10/21/2024,652.54,130.508,Electronics
650,8/8/2024,9388.59,1877.718,Home Goods
651,10/11/2024,2979.92,595.984,Home Goods
652,8/14/2024,588.54,117.708,Clothing
653,1/20/2024,7028.94,1405.788,Home Goods
654,3/28/2024,417.35,83.47,Beauty
655,11/10/2024,3105.86,621.172,Sports
656,11/13/2024,29.4,5.88,Home Goods
657,6/23/2024,8936.99,1787.398,Sports
658,3/27/2025,7576.45,1515.29,Electronics
659,10/29/2024,1510.01,302.002,Electronics
660,6/13/2024,218.9,43.78,Beauty
661,12/30/2024,4718.34,943.668,Clothing
662,2/8/2024,2161.24,432.248,Beauty
663,5/7/2024,869.95,173.99,Sports
664,9/30/2024,2493.79,498.758,Beauty
665,12/7/2024,9976.18,1995.236,Clothing
666,12/3/2024,4983.79,996.758,Home Goods
667,6/9/2024,9288.68,1857.736,Clothing
668,5/20/2024,3188.55,637.71,Home Goods
669,9/5/2024,3273.31,654.662,Clothing
670,11/4/2024,8448.03,1689.606,Home Goods
671,7/28/2024,5440.09,1088.018,Clothing
672,3/25/2025,6598.57,1319.714,Clothing
673,3/30/2024,767.93,153.586,Sports
674,3/12/2025,333.21,66.642,Sports
675,1/4/2025,2632.29,526.458,Home Goods
676,6/13/2024,5245.79,1049.158,Home Goods
677,9/14/2024,9388.32,1877.664,Sports
678,4/11/2024,2469.31,493.862,Beauty
679,3/29/2024,4778.17,955.634,Clothing
680,10/30/2024,132.27,26.454,Clothing
681,8/11/2024,319.62,63.924,Beauty
682,3/7/2024,611.68,122.336,Clothing
683,11/26/2024,3343.01,668.602,Sports
684,2/1/2025,3653.26,730.652,Beauty
685,7/22/2024,7360.1,1472.02,Clothing
686,3/30/2024,1784.42,356.884,Beauty
687,1/28/2024,6102.1,1220.42,Electronics
688,3/30/2024,9092.21,1818.442,Clothing
689,4/5/2024,8534.81,1706.962,Electronics
690,3/5/2025,1173.28,234.656,Home Goods
691,5/24/2024,6900.53,1380.106,Electronics
692,10/10/2024,1517.51,303.502,Clothing
693,1/30/2025,4889.74,977.948,Electronics
694,9/4/2024,9388.7,1877.74,Beauty
695,10/25/2024,369.62,73.924,Sports
696,4/26/2024,2704.19,540.838,Sports
697,11/17/2024,4427.99,885.598,Home Goods
698,11/21/2024,4257.05,851.41,Electronics
699,1/27/2025,6355.33,1271.066,Home Goods
700,11/29/2024,2068.46,413.692,Home Goods
701,11/15/2024,1856.9,371.38,Beauty
702,11/18/2024,120.96,24.192,Beauty
703,3/16/2025,8757.91,1751.582,Beauty
704,4/11/2024,4894.04,978.808,Beauty
705,12/30/2024,8351.46,1670.292,Home Goods
706,10/14/2024,5004.57,1000.914,Clothing
707,4/11/2024,5535.78,1107.156,Clothing
708,1/27/2024,9773.96,1954.792,Electronics
709,10/9/2024,7243.88,1448.776,Home Goods
710,7/16/2024,6733.62,1346.724,Electronics
711,4/15/2024,6312.43,1262.486,Clothing
712,5/12/2024,1917.79,383.558,Electronics
713,10/30/2024,8344.82,1668.964,Sports
714,6/9/2024,3602.35,720.47,Electronics
715,4/7/2024,7387.37,1477.474,Sports
716,3/1/2025,6130.26,1226.052,Electronics
717,12/15/2024,6046.38,1209.276,Home Goods
718,7/11/2024,1612.09,322.418,Sports
719,2/19/2025,1203.87,240.774,Beauty
720,11/15/2024,1654.65,330.93,Sports
721,3/21/2025,1181.23,236.246,Beauty
722,5/25/2024,5913.92,1182.784,Sports
723,4/23/2024,9328.28,1865.656,Sports
724,9/27/2024,6192.11,1238.422,Sports
725,12/19/2024,9329.51,1865.902,Home Goods
726,5/2/2024,5194.35,1038.87,Sports
727,4/16/2024,450.39,90.078,Clothing
728,3/28/2024,4773.06,954.612,Sports
729,1/5/2024,9917.42,1983.484,Sports
730,4/3/2025,7534.51,1506.902,Electronics
731,9/16/2024,34.83,6.966,Home Goods
732,3/22/2025,4128.28,825.656,Home Goods
733,7/27/2024,3812.64,762.528,Electronics
734,2/6/2025,94.24,18.848,Beauty
735,3/31/2025,867.14,173.428,Sports
736,7/10/2024,5229.25,1045.85,Beauty
737,12/11/2024,8326.04,1665.208,Electronics
738,7/17/2024,5786.34,1157.268,Home Goods
739,3/20/2024,7290.23,1458.046,Clothing
740,5/23/2024,3985.96,797.192,Electronics
741,1/17/2025,6624.59,1324.918,Clothing
742,4/19/2024,3837.95,767.59,Electronics
743,4/20/2024,1044.88,208.976,Sports
744,3/5/2025,5026.78,1005.356,Electronics
745,3/14/2024,6467.76,1293.552,Sports
746,12/12/2024,4429.76,885.952,Sports
747,11/23/2024,1605.95,321.19,Clothing
748,4/14/2024,7125.11,1425.022,Beauty
749,12/22/2024,8145.59,1629.118,Home Goods
750,5/2/2024,6391.73,1278.346,Electronics
751,1/22/2025,1835.8,367.16,Clothing
752,2/24/2024,6157.11,1231.422,Sports
753,10/23/2024,5189.52,1037.904,Home Goods
754,9/10/2024,5463.47,1092.694,Sports
755,12/9/2024,6759.32,1351.864,Sports
756,10/18/2024,534.25,106.85,Clothing
757,6/21/2024,3542.19,708.438,Beauty
758,11/24/2024,2351.28,470.256,Clothing
759,6/11/2024,4286.2,857.24,Clothing
760,1/2/2025,488.9,97.78,Clothing
761,3/22/2025,319.64,63.928,Beauty
762,3/23/2024,5429.66,1085.932,Clothing
763,10/2/2024,7953.57,1590.714,Sports
764,2/2/2025,9525.39,1905.078,Clothing
765,9/25/2024,6282.73,1256.546,Beauty
766,3/20/2024,7686.86,1537.372,Clothing
767,5/22/2024,5649.85,1129.97,Sports
768,2/21/2024,307.75,61.55,Electronics
769,6/29/2024,451.38,90.276,Home Goods
770,1/5/2025,4886.06,977.212,Electronics
771,10/6/2024,6044.81,1208.962,Electronics
772,2/1/2025,2292.12,458.424,Sports
773,3/18/2025,1182.53,236.506,Home Goods
774,3/9/2025,9668.91,1933.782,Sports
775,8/26/2024,2612.95,522.59,Electronics
776,7/3/2024,6007.88,1201.576,Electronics
777,6/29/2024,4420.44,884.088,Clothing
778,2/21/2024,5214.33,1042.866,Beauty
779,2/28/2025,3617.83,723.566,Home Goods
780,2/11/2025,6611.33,1322.266,Beauty
781,9/16/2024,2389.57,477.914,Sports
782,3/6/2024,5651.69,1130.338,Clothing
783,11/25/2024,2797.43,559.486,Home Goods
784,1/14/2024,4260.04,852.008,Home Goods
785,6/18/2024,1635.93,327.186,Electronics
786,4/6/2024,2381.96,476.392,Sports
787,1/31/2024,8371.95,1674.39,Clothing
788,3/2/2024,1047.61,209.522,Sports
789,11/26/2024,1297.38,259.476,Clothing
790,10/28/2024,8309.6,1661.92,Sports
791,11/7/2024,6026.56,1205.312,Electronics
792,12/24/2024,1034.76,206.952,Beauty
793,3/30/2025,1230.96,246.192,Electronics
794,9/25/2024,8662.51,1732.502,Home Goods
795,3/29/2025,9715.49,1943.098,Home Goods
796,3/30/2024,8615.73,1723.146,Home Goods
797,5/1/2024,9601.12,1920.224,Home Goods
798,5/11/2024,9471.36,1894.272,Home Goods
799,10/8/2024,6001.75,1200.35,Beauty
800,6/3/2024,3942.27,788.454,Clothing
801,3/4/2024,8326.58,1665.316,Home Goods
802,7/12/2024,7763.17,1552.634,Beauty
803,3/24/2025,518.02,103.604,Clothing
804,6/13/2024,1048.34,209.668,Beauty
805,1/25/2024,867.88,173.576,Home Goods
806,3/24/2024,2461.42,492.284,Clothing
807,5/30/2024,3304.97,660.994,Clothing
808,12/16/2024,3132.57,626.514,Home Goods
809,2/28/2024,1146.79,229.358,Home Goods
810,6/24/2024,1195.26,239.052,Sports
811,2/10/2024,5636.53,1127.306,Clothing
812,11/3/2024,3678.06,735.612,Sports
813,12/26/2024,7914.45,1582.89,Sports
814,8/31/2024,706.97,141.394,Electronics
815,6/20/2024,7319.88,1463.976,Electronics
816,3/31/2024,9110.21,1822.042,Beauty
817,3/3/2024,7389.78,1477.956,Beauty
818,10/31/2024,8321.44,1664.288,Home Goods
819,6/6/2024,6643.63,1328.726,Electronics
820,1/7/2025,3732.91,746.582,Beauty
821,3/30/2025,2597.1,519.42,Beauty
822,12/31/2024,1072.97,214.594,Home Goods
823,3/29/2024,9097.38,1819.476,Beauty
824,4/19/2024,584.04,116.808,Clothing
825,9/14/2024,585.32,117.064,Beauty
826,8/27/2024,6475.01,1295.002,Electronics
827,1/28/2024,3738.2,747.64,Sports
828,2/24/2024,329.52,65.904,Beauty
829,7/7/2024,8276.33,1655.266,Beauty
830,7/11/2024,282.81,56.562,Home Goods
831,9/28/2024,1901.17,380.234,Sports
832,4/3/2024,540.19,108.038,Sports
833,12/2/2024,9223.71,1844.742,Home Goods
834,5/23/2024,8421.36,1684.272,Sports
835,12/29/2024,2475.74,495.148,Home Goods
836,7/28/2024,2492.36,498.472,Sports
837,3/26/2025,5581.61,1116.322,Home Goods
838,7/12/2024,6789.44,1357.888,Home Goods
839,1/31/2024,4984.59,996.918,Sports
840,7/31/2024,9900.65,1980.13,Home Goods
841,9/30/2024,1477.6,295.52,Electronics
842,2/5/2024,3693.76,738.752,Sports
843,3/30/2025,9898.17,1979.634,Electronics
844,1/14/2025,8042.34,1608.468,Home Goods
845,12/1/2024,9236.76,1847.352,Home Goods
846,4/23/2024,8995.43,1799.086,Electronics
847,10/22/2024,5135.76,1027.152,Beauty
848,12/12/2024,9947.83,1989.566,Beauty
849,10/12/2024,246.78,49.356,Beauty
850,6/12/2024,7808.76,1561.752,Sports
851,10/6/2024,3653.02,730.604,Sports
852,3/31/2024,379.23,75.846,Electronics
853,8/31/2024,9001.65,1800.33,Sports
854,9/11/2024,1742.34,348.468,Clothing
855,7/17/2024,6832.21,1366.442,Home Goods
856,1/7/2024,6340.09,1268.018,Home Goods
857,2/22/2024,2659.01,531.802,Beauty
858,3/19/2025,5996.29,1199.258,Beauty
859,5/25/2024,3638.56,727.712,Electronics
860,3/3/2024,43.72,8.744,Home Goods
861,9/26/2024,5137.69,1027.538,Home Goods
862,3/25/2024,6293.1,1258.62,Sports
863,7/21/2024,5173.53,1034.706,Home Goods
864,3/16/2024,9863.42,1972.684,Home Goods
865,2/13/2025,3251.84,650.368,Home Goods
866,3/16/2024,1746.6,349.32,Electronics
867,1/9/2025,4253.45,850.69,Beauty
868,3/18/2025,4530.69,906.138,Electronics
869,3/6/2024,2889.1,577.82,Home Goods
870,5/20/2024,8244.06,1648.812,Home Goods
871,4/18/2024,6538.66,1307.732,Electronics
872,11/24/2024,1880.54,376.108,Clothing
873,9/10/2024,2080.62,416.124,Clothing
874,1/19/2024,2914.03,582.806,Home Goods
875,4/29/2024,4172.95,834.59,Electronics
876,4/15/2024,6784.31,1356.862,Home Goods
877,12/9/2024,9253.79,1850.758,Clothing
878,7/21/2024,4668.49,933.698,Sports
879,5/2/2024,1026.48,205.296,Electronics
880,8/3/2024,6900.43,1380.086,Beauty
881,3/11/2024,8819.08,1763.816,Home Goods
882,9/7/2024,8921.87,1784.374,Beauty
883,10/3/2024,4806.7,961.34,Home Goods
884,4/25/2024,4300.09,860.018,Home Goods
885,4/17/2024,3088.95,617.79,Home Goods
886,1/28/2025,1306.92,261.384,Electronics
887,1/13/2025,7346.14,1469.228,Sports
888,3/6/2025,2931.78,586.356,Clothing
889,7/16/2024,6052.95,1210.59,Electronics
890,3/16/2025,6012.94,1202.588,Clothing
891,8/18/2024,9280.8,1856.16,Electronics
892,11/25/2024,7791.89,1558.378,Sports
893,8/20/2024,2418.33,483.666,Electronics
894,3/10/2025,8627.58,1725.516,Home Goods
895,1/14/2024,1758.85,351.77,Home Goods
896,5/14/2024,2724.5,544.9,Sports
897,3/17/2025,6525.24,1305.048,Electronics
898,3/29/2025,936.42,187.284,Beauty
899,2/2/2025,289.12,57.824,Home Goods
900,10/11/2024,4592.93,918.586,Beauty
901,12/3/2024,4768.35,953.67,Sports
902,1/6/2025,566.46,113.292,Beauty
903,10/12/2024,1439.47,287.894,Home Goods
904,10/27/2024,9958.57,1991.714,Electronics
905,11/4/2024,5467.05,1093.41,Home Goods
906,9/21/2024,8795.74,1759.148,Home Goods
907,3/2/2024,4152.96,830.592,Sports
908,1/4/2025,8097.65,1619.53,Home Goods
909,6/25/2024,1204.08,240.816,Home Goods
910,9/21/2024,6738.2,1347.64,Electronics
911,4/16/2024,5468.92,1093.784,Home Goods
912,12/28/2024,6645.43,1329.086,Clothing
913,5/4/2024,4333.84,866.768,Beauty
914,6/27/2024,1695.41,339.082,Home Goods
915,10/18/2024,9878.58,1975.716,Clothing
916,2/14/2025,3943.92,788.784,Clothing
917,4/1/2025,6975.96,1395.192,Sports
918,1/14/2025,9191.45,1838.29,Electronics
919,3/11/2025,7045.79,1409.158,Sports
920,9/30/2024,9720.73,1944.146,Electronics
921,2/24/2024,3896.81,779.362,Sports
922,7/7/2024,5972.56,1194.512,Home Goods
923,3/18/2025,1379.19,275.838,Electronics
924,8/5/2024,9776.01,1955.202,Beauty
925,12/10/2024,1128.5,225.7,Electronics
926,3/17/2025,1584.32,316.864,Electronics
927,10/13/2024,4849.01,969.802,Home Goods
928,2/18/2025,18.34,3.668,Sports
929,9/26/2024,660.34,132.068,Beauty
930,12/5/2024,8973.74,1794.748,Beauty
931,1/24/2024,3625.61,725.122,Beauty
932,6/29/2024,7774.57,1554.914,Home Goods
933,3/23/2024,3201.2,640.24,Sports
934,2/5/2025,3351.87,670.374,Sports
935,3/4/2024,5905.35,1181.07,Home Goods
936,8/31/2024,9712.85,1942.57,Sports
937,4/24/2024,5015.4,1003.08,Clothing
938,5/24/2024,1489.51,297.902,Beauty
939,2/18/2024,6980.02,1396.004,Home Goods
940,10/5/2024,6541.36,1308.272,Clothing
941,1/1/2024,293.81,58.762,Home Goods
942,1/13/2025,6722.11,1344.422,Clothing
943,6/1/2024,5786.04,1157.208,Beauty
944,7/20/2024,9312.91,1862.582,Clothing
945,3/29/2025,1044.64,208.928,Clothing
946,2/4/2025,4193.15,838.63,Electronics
947,2/19/2024,3873.73,774.746,Home Goods
948,1/15/2025,697.93,139.586,Clothing
949,5/12/2024,7858.53,1571.706,Clothing
950,10/25/2024,2113.34,422.668,Sports
951,7/9/2024,5546.89,1109.378,Beauty
952,11/6/2024,681.72,136.344,Clothing
953,7/30/2024,1140.36,228.072,Beauty
954,4/27/2024,4961.25,992.25,Beauty
955,3/15/2024,6866.81,1373.362,Sports
956,11/29/2024,5226.98,1045.396,Electronics
957,4/24/2024,2756.82,551.364,Home Goods
958,9/28/2024,7055.13,1411.026,Home Goods
959,11/29/2024,7013.31,1402.662,Electronics
960,10/25/2024,3326.51,665.302,Beauty
961,8/7/2024,9972.45,1994.49,Clothing
962,1/27/2024,8476.38,1695.276,Clothing
963,3/16/2024,8455.76,1691.152,Electronics
964,7/19/2024,6292.75,1258.55,Sports
965,2/19/2025,3239.99,647.998,Beauty
966,7/15/2024,9459.25,1891.85,Beauty
967,10/8/2024,5317.5,1063.5,Sports
968,1/27/2024,5168.9,1033.78,Home Goods
969,12/8/2024,8455.4,1691.08,Beauty
970,7/22/2024,9205.9,1841.18,Sports
971,3/30/2025,8998.59,1799.718,Beauty
972,1/25/2025,9912.0,1982.4,Sports
973,5/18/2024,4810.38,962.076,Sports
974,11/5/2024,43.47,8.694,Sports
975,3/27/2024,3388.36,677.672,Clothing
976,6/29/2024,2620.85,524.17,Home Goods
977,12/18/2024,5787.94,1157.588,Clothing
978,3/23/2024,9704.87,1940.974,Clothing
979,8/16/2024,1526.22,305.244,Beauty
980,6/4/2024,2817.34,563.468,Sports
981,1/24/2024,2683.5,536.7,Beauty
982,3/22/2025,44.45,8.89,Sports
983,2/4/2024,1594.54,318.908,Sports
984,7/1/2024,6282.13,1256.426,Sports
985,11/16/2024,6246.99,1249.398,Clothing
986,4/10/2024,9870.47,1974.094,Sports
987,3/22/2024,9367.46,1873.492,Sports
988,10/2/2024,8749.94,1749.988,Sports
989,12/4/2024,2449.77,489.954,Clothing
990,10/2/2024,305.96,61.192,Sports
991,2/20/2025,7520.47,1504.094,Beauty
992,11/29/2024,1888.91,377.782,Electronics
993,1/25/2024,43.31,8.662,Home Goods
994,6/4/2024,2305.41,461.082,Home Goods
995,10/25/2024,5445.26,1089.052,Sports
996,2/18/2024,316.75,63.35,Beauty
997,11/17/2024,2232.08,446.416,Clothing
998,1/6/2025,9316.4,1863.28,Beauty
999,2/11/2025,7115.75,1423.15,Beauty
1000,1/15/2024,8385.97,1677.194,Clothing
